,hoten,ngaysinh,gioitinh,td_CN,td_ThS,td_TS,sodt,huutri,hsl,luongcb
0,Nguyễn Thị Lệ,01/01/45,0,1,1,0,915030909,1,6.4,8640000.0
1,Lê Văn Tài,21/10/76,1,1,1,1,902524444,0,3.99,5386500.0
2,Hồ Hữu Hoàn,03/03/90,1,0,0,0,232321234,0,2.97,4009500.0000000005
3,Lý Thị Lựu,30/04/01,0,1,1,0,170239311,1,5.4,7290000.000000001
4,Trần Trọng Chí,01/09/63,1,1,0,0,904031234,0,4.2,5670000.0
5,Phè Văn Phởn,22/09/04,1,1,1,1,907234445,1,8.2,11069999.999999998
